date	commit	label	checkpoint	frame	grip_loss	raw_grip	time_feature	positions	attempts	stage_score	success_1	success_k	mean_attempts	lifted_1	rate_reach	rate_close	rate_grasp	rate_rise	rate_lift	rate_hold	perception	pos_noise_mm	pos_bias_mm	perception_hz	pos_err_med_mm	pos_err_p95_mm	detect_reject_pct
2026-09-28	a6a9b48	v3.0	bc_clean3000_both_bce_time_s0.pt	both	bce	False	True	200	3	100.0	100.0	100.0	1.00	100.0	100.0	100.0	100.0	100.0	100.0	100.0	gt	0	0	50	0.00	0.00	0.0
2026-09-28	a6a9b48	v1.1	bc_clean3000.pt	world	mse	False	False	200	3	97.5	95.0	98.0	1.04	95.0	100.0	100.0	100.0	95.0	95.0	95.0	gt	0	0	50	0.00	0.00	0.0
2026-09-28	a6a9b48	v2.0	bc_clean3000_both_bce_s0.pt	both	bce	False	False	200	3	98.8	92.5	92.5	1.00	100.0	100.0	100.0	100.0	100.0	100.0	92.5	gt	0	0	50	0.00	0.00	0.0
2026-09-28	a6a9b48	v1.0	bc_clean3000.pt	world	mse	True	False	200	3	90.5	79.0	93.5	1.20	79.0	98.0	98.0	98.0	91.0	79.0	79.0	gt	0	0	50	0.00	0.00	0.0
2026-09-28	a6a9b48	v3.0	bc_clean3000_both_bce_time_s1.pt	both	bce	False	True	200	3	100.0	100.0	100.0	1.00	100.0	100.0	100.0	100.0	100.0	100.0	100.0	gt	0	0	50	0.00	0.00	0.0
2026-09-28	a6a9b48	v1.1	bc_clean3000_world_s1.pt	world	mse	False	False	200	3	98.2	96.5	98.5	1.03	97.0	100.0	99.0	99.0	97.5	97.0	96.5	gt	0	0	50	0.00	0.00	0.0
2026-09-28	a6a9b48	v2.0	bc_clean3000_both_bce_s1.pt	both	bce	False	False	200	3	95.3	89.5	97.5	1.10	91.0	100.0	100.0	100.0	91.5	91.0	89.5	gt	0	0	50	0.00	0.00	0.0
2026-09-28	a6a9b48	v3.0	bc_clean3000_both_bce_time_s2.pt	both	bce	False	True	200	3	100.0	100.0	100.0	1.00	100.0	100.0	100.0	100.0	100.0	100.0	100.0	gt	0	0	50	0.00	0.00	0.0
2026-09-28	a6a9b48	v1.1	bc_clean3000_world_s2.pt	world	mse	False	False	200	3	87.8	75.5	96.5	1.26	75.5	100.0	100.0	100.0	75.5	75.5	75.5	gt	0	0	50	0.00	0.00	0.0
2026-09-28	a6a9b48	v2.0	bc_clean3000_both_bce_s2.pt	both	bce	False	False	200	3	92.0	78.5	89.0	1.13	86.0	100.0	100.0	100.0	87.5	86.0	78.5	gt	0	0	50	0.00	0.00	0.0
2026-09-28	a6a9b48	v1.0	bc_clean3000_world_s1.pt	world	mse	True	False	200	3	12.0	12.0	13.0	1.08	12.0	12.0	12.0	12.0	12.0	12.0	12.0	gt	0	0	50	0.00	0.00	0.0
2026-09-28	a6a9b48	v1.0	bc_clean3000_world_s2.pt	world	mse	True	False	200	3	91.6	85.0	96.0	1.15	85.0	97.5	97.5	97.5	87.0	85.0	85.0	gt	0	0	50	0.00	0.00	0.0
2026-09-28	9b045ce	v3.0	bc_clean3000_both_bce_time_s0.pt	both	bce	False	True	200	3	99.5	99.5	100.0	1.00	99.5	99.5	99.5	99.5	99.5	99.5	99.5	noisy	5	0	10	7.93	14.63	0.0
2026-09-28	9b045ce	v3.0	bc_clean3000_both_bce_time_s0.pt	both	bce	False	True	200	3	100.0	100.0	100.0	1.00	100.0	100.0	100.0	100.0	100.0	100.0	100.0	noisy	2	0	10	3.37	8.11	0.0
2026-09-28	9b045ce	v3.0	bc_clean3000_both_bce_time_s0.pt	both	bce	False	True	200	3	99.0	99.0	99.5	1.01	99.0	99.0	99.0	99.0	99.0	99.0	99.0	noisy	0	10	10	10.00	13.05	0.0
2026-09-28	9b045ce	v3.0	bc_clean3000_both_bce_time_s0.pt	both	bce	False	True	200	3	99.0	99.0	99.0	1.00	99.0	99.0	99.0	99.0	99.0	99.0	99.0	noisy	0	5	10	5.00	8.99	0.0
2026-09-28	9b045ce	v3.0	bc_clean3000_both_bce_time_s0.pt	both	bce	False	True	200	3	100.0	100.0	100.0	1.00	100.0	100.0	100.0	100.0	100.0	100.0	100.0	noisy	1	0	10	1.74	7.56	0.0
2026-09-28	9b045ce	v3.0	bc_clean3000_both_bce_time_s0.pt	both	bce	False	True	200	3	82.7	82.0	97.5	1.19	82.5	83.0	83.0	83.0	82.5	82.5	82.0	noisy	10	0	10	15.45	28.31	0.0
2026-09-28	9b045ce	v3.0	bc_clean3000_both_bce_time_s0.pt	both	bce	False	True	200	3	100.0	100.0	100.0	1.00	100.0	100.0	100.0	100.0	100.0	100.0	100.0	noisy	0	0	10	0.00	7.07	0.0
2026-09-28	9b045ce	v3.0	bc_clean3000_both_bce_time_s1.pt	both	bce	False	True	200	3	100.0	100.0	100.0	1.00	100.0	100.0	100.0	100.0	100.0	100.0	100.0	noisy	2	0	10	3.38	8.21	0.0
2026-09-28	9b045ce	v3.0	bc_clean3000_both_bce_time_s1.pt	both	bce	False	True	200	3	100.0	100.0	100.0	1.00	100.0	100.0	100.0	100.0	100.0	100.0	100.0	noisy	1	0	10	1.74	7.61	0.0
2026-09-28	9b045ce	v3.0	bc_clean3000_both_bce_time_s1.pt	both	bce	False	True	200	3	99.5	99.5	100.0	1.00	99.5	99.5	99.5	99.5	99.5	99.5	99.5	noisy	5	0	10	7.97	14.67	0.0
2026-09-28	9b045ce	v3.0	bc_clean3000_both_bce_time_s1.pt	both	bce	False	True	200	3	99.0	99.0	99.0	1.00	99.0	99.0	99.0	99.0	99.0	99.0	99.0	noisy	0	5	10	5.00	9.12	0.0
2026-09-28	9b045ce	v3.0	bc_clean3000_both_bce_time_s1.pt	both	bce	False	True	200	3	97.3	97.0	97.5	1.01	97.0	97.5	97.5	97.5	97.5	97.0	97.0	noisy	0	10	10	10.00	12.97	0.0
2026-09-28	9b045ce	v3.0	bc_clean3000_both_bce_time_s1.pt	both	bce	False	True	200	3	100.0	100.0	100.0	1.00	100.0	100.0	100.0	100.0	100.0	100.0	100.0	noisy	0	0	10	0.00	7.06	0.0
2026-09-28	9b045ce	v3.0	bc_clean3000_both_bce_time_s1.pt	both	bce	False	True	200	3	90.2	87.5	98.5	1.13	89.0	91.5	91.5	91.5	90.5	89.0	87.5	noisy	10	0	10	15.45	28.38	0.0
2026-09-28	9b045ce	v3.0	bc_clean3000_both_bce_time_s2.pt	both	bce	False	True	200	3	99.9	99.5	100.0	1.00	100.0	100.0	100.0	100.0	100.0	100.0	99.5	noisy	2	0	10	3.39	8.21	0.0
2026-09-28	9b045ce	v3.0	bc_clean3000_both_bce_time_s2.pt	both	bce	False	True	200	3	100.0	100.0	100.0	1.00	100.0	100.0	100.0	100.0	100.0	100.0	100.0	noisy	1	0	10	1.75	7.60	0.0
2026-09-28	9b045ce	v3.0	bc_clean3000_both_bce_time_s2.pt	both	bce	False	True	200	3	91.4	89.5	91.0	1.03	90.0	93.0	92.0	92.0	92.0	90.0	89.5	noisy	0	10	10	10.00	12.19	0.0
2026-09-28	9b045ce	v3.0	bc_clean3000_both_bce_time_s2.pt	both	bce	False	True	200	3	97.8	97.5	98.0	1.01	97.5	98.0	98.0	98.0	98.0	97.5	97.5	noisy	0	5	10	5.00	8.94	0.0
2026-09-28	9b045ce	v3.0	bc_clean3000_both_bce_time_s2.pt	both	bce	False	True	200	3	90.8	79.0	94.5	1.19	83.0	97.5	96.0	95.5	94.0	83.0	79.0	noisy	5	0	10	7.89	14.60	0.0
2026-09-28	9b045ce	v3.0	bc_clean3000_both_bce_time_s2.pt	both	bce	False	True	200	3	100.0	100.0	100.0	1.00	100.0	100.0	100.0	100.0	100.0	100.0	100.0	noisy	0	0	10	0.00	7.13	0.0
2026-09-28	9b045ce	v3.0	bc_clean3000_both_bce_time_s2.pt	both	bce	False	True	200	3	56.1	23.5	42.0	1.58	27.5	78.5	72.0	71.5	63.5	27.5	23.5	noisy	10	0	10	15.49	28.29	0.0
2026-09-28	9b045ce	v3.0	bc_clean3000_both_bce_time_s1.pt	both	bce	False	True	200	3	100.0	100.0	100.0	1.00	100.0	100.0	100.0	100.0	100.0	100.0	100.0	color_minvis0	0	0	10	0.24	6.95	0.0
2026-09-28	9b045ce	v3.0	bc_clean3000_both_bce_time_s0.pt	both	bce	False	True	200	3	100.0	100.0	100.0	1.00	100.0	100.0	100.0	100.0	100.0	100.0	100.0	color_minvis0	0	0	10	0.23	7.01	0.0
2026-09-28	9b045ce	v3.0	bc_clean3000_both_bce_time_s1.pt	both	bce	False	True	200	3	100.0	100.0	100.0	1.00	100.0	100.0	100.0	100.0	100.0	100.0	100.0	color	0	0	10	0.24	6.96	0.4
2026-09-28	9b045ce	v3.0	bc_clean3000_both_bce_time_s0.pt	both	bce	False	True	200	3	100.0	100.0	100.0	1.00	100.0	100.0	100.0	100.0	100.0	100.0	100.0	color	0	0	10	0.23	7.03	0.4
2026-09-28	9b045ce	v3.0	bc_clean3000_both_bce_time_s2.pt	both	bce	False	True	200	3	99.0	99.0	99.0	1.00	99.0	99.0	99.0	99.0	99.0	99.0	99.0	color_minvis0	0	0	10	0.25	7.60	0.6
2026-09-28	9b045ce	v3.0	bc_clean3000_both_bce_time_s2.pt	both	bce	False	True	200	3	98.0	98.0	99.5	1.02	98.0	98.0	98.0	98.0	98.0	98.0	98.0	color	0	0	10	0.24	7.18	0.9
